,failed_call_count,months_as_customer,total_call_seconds,call_count,sms_count,unique_contacts_called,age,customer_value
failed_call_count,1.0,0.1697372744699281,0.5016065883394938,0.5733493631241342,-0.02228238422747066,0.5040577394760917,0.041757649344159854,0.12122547807813197
months_as_customer,0.1697372744699281,1.0,0.12461762878509708,0.10653393512221586,0.07631776803291405,0.09200896893833371,-0.002429695801197507,0.10956475601133772
total_call_seconds,0.5016065883394938,0.12461762878509708,1.0,0.9464892281674117,0.10212318512931344,0.6765363049395255,0.020842866803369102,0.4150872449805451
call_count,0.5733493631241342,0.10653393512221586,0.9464892281674117,1.0,0.10001920827357448,0.7361135333603923,-0.028349813797265706,0.4015724637117215
sms_count,-0.02228238422747066,0.07631776803291405,0.10212318512931344,0.10001920827357448,1.0,0.07965043603719274,-0.09279845943661386,0.9248774260038474
unique_contacts_called,0.5040577394760917,0.09200896893833371,0.6765363049395255,0.7361135333603923,0.07965043603719274,1.0,0.05103717697465055,0.2848074264548181
age,0.041757649344159854,-0.002429695801197507,0.020842866803369102,-0.028349813797265706,-0.09279845943661386,0.05103717697465055,1.0,-0.22036171179913033
customer_value,0.12122547807813197,0.10956475601133772,0.4150872449805451,0.4015724637117215,0.9248774260038474,0.2848074264548181,-0.22036171179913033,1.0
