Accuracy,Precision,Recall,F1 Score
0.9403508771929825,0.9141414141414141,0.9141414141414141,0.9141414141414141
