Accuracy,Precision,Recall,F1 Score
0.9543859649122807,0.9257425742574258,0.9444444444444444,0.935
