,count,mean,std,min,25%,50%,75%,max
failed_call_count,3150.0,7.627936507936508,7.263885566996692,0.0,1.0,6.0,12.0,36.0
months_as_customer,3150.0,32.54190476190476,8.573482061327232,3.0,30.0,35.0,38.0,47.0
total_call_seconds,3150.0,4472.459682539683,4197.908686504334,0.0,1391.25,2990.0,6478.25,17090.0
call_count,3150.0,69.46063492063492,57.41330775063302,0.0,27.0,54.0,95.0,255.0
sms_count,3150.0,73.17492063492064,112.23755969319922,0.0,6.0,21.0,87.0,522.0
unique_contacts_called,3150.0,23.50984126984127,17.21733743799194,0.0,10.0,21.0,34.0,97.0
age,3150.0,30.998412698412697,8.831095499304965,15.0,25.0,30.0,30.0,55.0
customer_value,3150.0,470.9729158730159,517.0154327987643,0.0,113.80125,228.48,788.3887500000001,2165.28
